[
    {
        "pk": 1, 
        "model": "clothing.size", 
        "fields": {
            "name": "Small"
        }
    }, 
    {
        "pk": 2, 
        "model": "clothing.size", 
        "fields": {
            "name": "Medium"
        }
    }, 
    {
        "pk": 3, 
        "model": "clothing.size", 
        "fields": {
            "name": "Large"
        }
    }, 
    {
        "pk": 4, 
        "model": "clothing.size", 
        "fields": {
            "name": "XLarge"
        }
    }, 
    {
        "pk": 5, 
        "model": "clothing.size", 
        "fields": {
            "name": "XXLarge"
        }
    }, 
    {
        "pk": 6, 
        "model": "clothing.size", 
        "fields": {
            "name": "One Size"
        }
    }, 
    {
        "pk": 7, 
        "model": "clothing.size", 
        "fields": {
            "name": "XSmall"
        }
    }, 
    {
        "pk": 1, 
        "model": "clothing.category", 
        "fields": {
            "name": "Guys", 
            "parent": null
        }
    }, 
    {
        "pk": 2, 
        "model": "clothing.category", 
        "fields": {
            "name": "Girls", 
            "parent": null
        }
    }, 
    {
        "pk": 3, 
        "model": "clothing.category", 
        "fields": {
            "name": "T-Shirts", 
            "parent": 1
        }
    }, 
    {
        "pk": 4, 
        "model": "clothing.category", 
        "fields": {
            "name": "T-Shirts", 
            "parent": 2
        }
    }, 
    {
        "pk": 5, 
        "model": "clothing.category", 
        "fields": {
            "name": "Tank-Tops", 
            "parent": 1
        }
    }, 
    {
        "pk": 6, 
        "model": "clothing.category", 
        "fields": {
            "name": "Tank-Tops", 
            "parent": 2
        }
    }, 
    {
        "pk": 7, 
        "model": "clothing.category", 
        "fields": {
            "name": "Long Sleeve", 
            "parent": 2
        }
    }, 
    {
        "pk": 8, 
        "model": "clothing.category", 
        "fields": {
            "name": "Sweaters", 
            "parent": 1
        }
    }, 
    {
        "pk": 9, 
        "model": "clothing.category", 
        "fields": {
            "name": "Sweaters", 
            "parent": 2
        }
    }, 
    {
        "pk": 2, 
        "model": "clothing.item", 
        "fields": {
            "category": 3, 
            "sku": "1", 
            "shown": true, 
            "name": "Blue Skull Wings", 
            "price": "30.00", 
            "description": "4.5oz 100% pre-shrunk ring-spun cotton tee shirt with screenprint design. By Revelation Ink Clothing Co. \r\n", 
            "back": "", 
            "featured": false, 
            "featured_image": "uploads/clothes/Blue Skull Wings_featured.png", 
            "front": "uploads/clothes/Blue Skull Wings_front.png", 
            "markdownPrice": "19.99"
        }
    }, 
    {
        "pk": 3, 
        "model": "clothing.item", 
        "fields": {
            "category": 7, 
            "sku": "2", 
            "shown": true, 
            "name": "Anchored", 
            "price": "35.00", 
            "description": "4.5oz 100% pre-shrunk ring-spun cotton long sleeve shirt with screenprint design. \r\n\r\nBy Revelation Ink Clothing Co. \r\n", 
            "back": "", 
            "featured": true, 
            "featured_image": "uploads/clothes/Anchored_featured.png", 
            "front": "uploads/clothes/Anchored_front.png", 
            "markdownPrice": "24.99"
        }
    }, 
    {
        "pk": 4, 
        "model": "clothing.item", 
        "fields": {
            "category": 6, 
            "sku": "3", 
            "shown": true, 
            "name": "Lotus Dreams", 
            "price": "35.00", 
            "description": "4.5oz 100% pre-shrunk ring-spun cotton tank top shirt with screenprint design. \r\n\r\nBy Revelation Ink Clothing Co. \r\n", 
            "back": "", 
            "featured": false, 
            "featured_image": "uploads/clothes/Lotus Dreams_featured.png", 
            "front": "uploads/clothes/Lotus Dreams_front.png", 
            "markdownPrice": "24.99"
        }
    }, 
    {
        "pk": 5, 
        "model": "clothing.item", 
        "fields": {
            "category": 6, 
            "sku": "4", 
            "shown": true, 
            "name": "Purple Skull Wings", 
            "price": "35.00", 
            "description": "4.5oz 100% pre-shrunk ring-spun cotton tank top shirt with screenprint design. \r\n\r\nBy Revelation Ink Clothing Co. \r\n", 
            "back": "", 
            "featured": false, 
            "featured_image": "uploads/clothes/Purple Skull Wings_featured.png", 
            "front": "uploads/clothes/Purple Skull Wings_front.png", 
            "markdownPrice": "24.99"
        }
    }, 
    {
        "pk": 6, 
        "model": "clothing.item", 
        "fields": {
            "category": 3, 
            "sku": "5", 
            "shown": true, 
            "name": "Neckline", 
            "price": "30.00", 
            "description": "4.5oz 100% pre-shrunk ring-spun cotton tee shirt with screenprint design. \r\n\r\nBy Revelation Ink Clothing Co. \r\n", 
            "back": "", 
            "featured": false, 
            "featured_image": "uploads/clothes/Neckline_featured.png", 
            "front": "uploads/clothes/Neckline_front.png", 
            "markdownPrice": "19.99"
        }
    }, 
    {
        "pk": 7, 
        "model": "clothing.item", 
        "fields": {
            "category": 3, 
            "sku": "6", 
            "shown": true, 
            "name": "Purple Splatter", 
            "price": "30.00", 
            "description": "4.5oz 100% pre-shrunk ring-spun cotton tee shirt with screenprint design. \r\n\r\nBy Revelation Ink Clothing Co. \r\n", 
            "back": "", 
            "featured": true, 
            "featured_image": "uploads/clothes/Purple Splatter_featured.png", 
            "front": "uploads/clothes/Purple Splatter_front.png", 
            "markdownPrice": "19.99"
        }
    }, 
    {
        "pk": 8, 
        "model": "clothing.item", 
        "fields": {
            "category": 3, 
            "sku": "7", 
            "shown": true, 
            "name": "Skull Rose", 
            "price": "30.00", 
            "description": "4.5oz 100% pre-shrunk ring-spun cotton tee shirt with screenprint design. \r\n\r\nBy Revelation Ink Clothing Co. \r\n", 
            "back": "", 
            "featured": false, 
            "featured_image": "uploads/clothes/Skull Rose_featured.png", 
            "front": "uploads/clothes/Skull Rose_front.png", 
            "markdownPrice": "19.99"
        }
    }, 
    {
        "pk": 9, 
        "model": "clothing.item", 
        "fields": {
            "category": 5, 
            "sku": "8", 
            "shown": true, 
            "name": "Sports Tank", 
            "price": "30.00", 
            "description": "4.5oz 100% pre-shrunk ring-spun cotton tank top shirt with screenprint design. \r\n\r\nBy Revelation Ink Clothing Co. \r\n", 
            "back": "", 
            "featured": false, 
            "featured_image": "uploads/clothes/Sports Tank_featured.png", 
            "front": "uploads/clothes/Sports Tank_front.png", 
            "markdownPrice": "19.99"
        }
    }, 
    {
        "pk": 10, 
        "model": "clothing.item", 
        "fields": {
            "category": 3, 
            "sku": "9", 
            "shown": true, 
            "name": "Yellow Splatter", 
            "price": "30.00", 
            "description": "4.5oz 100% pre-shrunk ring-spun cotton tee shirt with screenprint design. \r\n\r\nBy Revelation Ink Clothing Co. \r\n", 
            "back": "", 
            "featured": false, 
            "featured_image": "uploads/clothes/Yellow Splatter_featured.png", 
            "front": "uploads/clothes/Yellow Splatter_front.png", 
            "markdownPrice": "19.99"
        }
    }, 
    {
        "pk": 11, 
        "model": "clothing.item", 
        "fields": {
            "category": 3, 
            "sku": "10", 
            "shown": true, 
            "name": "Test", 
            "price": "1.00", 
            "description": "This is a test for paypal. Delete it when done.", 
            "back": "", 
            "featured": false, 
            "featured_image": "uploads/clothes/Test_featured.png", 
            "front": "uploads/clothes/Test_front.png", 
            "markdownPrice": "1.00"
        }
    }, 
    {
        "pk": 18, 
        "model": "clothing.item", 
        "fields": {
            "category": 3, 
            "sku": "RIcats001", 
            "shown": true, 
            "name": "Cardiac Cats", 
            "price": "24.99", 
            "description": "Screen printed \"Cardiac Cats\" Design by Revelation Ink Clothing Co.", 
            "back": "uploads/clothes/Cardiac Cats_back_3.png", 
            "featured": true, 
            "featured_image": "uploads/clothes/Cardiac Cats_featured_3.png", 
            "front": "uploads/clothes/Cardiac Cats_front_4.png", 
            "markdownPrice": "19.99"
        }
    }, 
    {
        "pk": 21, 
        "model": "clothing.item", 
        "fields": {
            "category": 3, 
            "sku": "RISM001", 
            "shown": true, 
            "name": "Self Made Tank Top", 
            "price": "19.99", 
            "description": "6.1 oz cotton tank top with screen printed \"Self Made\" design, by Revelation Ink Clothing Co.", 
            "back": "uploads/clothes/Self Made Tank Top_back_1.png", 
            "featured": true, 
            "featured_image": "uploads/clothes/Self Made Tank Top_featured_1.png", 
            "front": "uploads/clothes/Self Made Tank Top_front_1.png", 
            "markdownPrice": "19.99"
        }
    }, 
    {
        "pk": 22, 
        "model": "clothing.item", 
        "fields": {
            "category": 3, 
            "sku": "RIFOC001", 
            "shown": true, 
            "name": "F.O.C.", 
            "price": "19.99", 
            "description": "65% polyester, 35% cotton 3.2 oz blended T-shirt with screen printed \"F.O.C.\" design by Revelation Ink Clothing Co.", 
            "back": "uploads/clothes/F.O.C._back_1.png", 
            "featured": true, 
            "featured_image": "uploads/clothes/F.O.C._featured_1.png", 
            "front": "uploads/clothes/F.O.C._front_1.png", 
            "markdownPrice": "19.99"
        }
    }, 
    {
        "pk": 25, 
        "model": "clothing.item", 
        "fields": {
            "category": 3, 
            "sku": "WB002", 
            "shown": true, 
            "name": "White & Black wristband", 
            "price": "3.99", 
            "description": "1/4\" Silicon wristband with \"Revelation Ink Clothing Co. embossed and color filled. ", 
            "back": "uploads/clothes/White & Black wristband_back.png", 
            "featured": false, 
            "featured_image": "uploads/clothes/White & Black wristband_featured.png", 
            "front": "uploads/clothes/White & Black wristband_front.png", 
            "markdownPrice": "1.99"
        }
    }, 
    {
        "pk": 24, 
        "model": "clothing.item", 
        "fields": {
            "category": 3, 
            "sku": "wb001", 
            "shown": true, 
            "name": "Black & White wristband", 
            "price": "3.99", 
            "description": "1/4\" Silicon wristband with \"Revelation Ink Clothing Co. embossed and color filled. ", 
            "back": "uploads/clothes/Black & White wristband_back_2.png", 
            "featured": false, 
            "featured_image": "uploads/clothes/Black & White wristband_featured_2.png", 
            "front": "uploads/clothes/Black & White wristband_front_2.png", 
            "markdownPrice": "1.99"
        }
    }, 
    {
        "pk": 26, 
        "model": "clothing.item", 
        "fields": {
            "category": 3, 
            "sku": "WB003", 
            "shown": true, 
            "name": "Grey & Red wristband", 
            "price": "3.99", 
            "description": "1/4\" Silicon wristband with \"Revelation Ink Clothing Co. embossed and color filled. ", 
            "back": "uploads/clothes/Grey & Red wristband_back.png", 
            "featured": false, 
            "featured_image": "uploads/clothes/Grey & Red wristband_featured.png", 
            "front": "uploads/clothes/Grey & Red wristband_front.png", 
            "markdownPrice": "1.99"
        }
    }, 
    {
        "pk": 27, 
        "model": "clothing.item", 
        "fields": {
            "category": 3, 
            "sku": "WB004", 
            "shown": true, 
            "name": "Gold & Black wristband", 
            "price": "3.99", 
            "description": "1/4\" Silicon wristband with \"Revelation Ink Clothing Co. embossed and color filled. ", 
            "back": "uploads/clothes/Gold & Black wristband_back.png", 
            "featured": false, 
            "featured_image": "uploads/clothes/Gold & Black wristband_featured.png", 
            "front": "uploads/clothes/Gold & Black wristband_front.png", 
            "markdownPrice": "1.99"
        }
    }, 
    {
        "pk": 28, 
        "model": "clothing.item", 
        "fields": {
            "category": 3, 
            "sku": "WB005", 
            "shown": true, 
            "name": "Yellow & Purple wristband", 
            "price": "3.99", 
            "description": "1/4\" Silicon wristband with \"Revelation Ink Clothing Co. embossed and color filled. ", 
            "back": "uploads/clothes/Yellow & Purple wristband_back.png", 
            "featured": false, 
            "featured_image": "uploads/clothes/Yellow & Purple wristband_featured.png", 
            "front": "uploads/clothes/Yellow & Purple wristband_front.png", 
            "markdownPrice": "1.99"
        }
    }, 
    {
        "pk": 29, 
        "model": "clothing.item", 
        "fields": {
            "category": 3, 
            "sku": "WB006", 
            "shown": true, 
            "name": "Orange & Blue wristband", 
            "price": "3.99", 
            "description": "1/4\" Silicon wristband with \"Revelation Ink Clothing Co. embossed and color filled. ", 
            "back": "uploads/clothes/Orange & Blue wristband_back.png", 
            "featured": false, 
            "featured_image": "uploads/clothes/Orange & Blue wristband_featured.png", 
            "front": "uploads/clothes/Orange & Blue wristband_front.png", 
            "markdownPrice": "1.99"
        }
    }, 
    {
        "pk": 62, 
        "model": "clothing.stock", 
        "fields": {
            "item": 21, 
            "quantity": -1, 
            "size": 2
        }
    }, 
    {
        "pk": 2, 
        "model": "clothing.stock", 
        "fields": {
            "item": 10, 
            "quantity": -1, 
            "size": 2
        }
    }, 
    {
        "pk": 3, 
        "model": "clothing.stock", 
        "fields": {
            "item": 10, 
            "quantity": -1, 
            "size": 3
        }
    }, 
    {
        "pk": 4, 
        "model": "clothing.stock", 
        "fields": {
            "item": 10, 
            "quantity": -1, 
            "size": 4
        }
    }, 
    {
        "pk": 61, 
        "model": "clothing.stock", 
        "fields": {
            "item": 21, 
            "quantity": -1, 
            "size": 1
        }
    }, 
    {
        "pk": 6, 
        "model": "clothing.stock", 
        "fields": {
            "item": 9, 
            "quantity": -1, 
            "size": 1
        }
    }, 
    {
        "pk": 57, 
        "model": "clothing.stock", 
        "fields": {
            "item": 18, 
            "quantity": -1, 
            "size": 4
        }
    }, 
    {
        "pk": 56, 
        "model": "clothing.stock", 
        "fields": {
            "item": 18, 
            "quantity": -1, 
            "size": 3
        }
    }, 
    {
        "pk": 9, 
        "model": "clothing.stock", 
        "fields": {
            "item": 9, 
            "quantity": -1, 
            "size": 4
        }
    }, 
    {
        "pk": 55, 
        "model": "clothing.stock", 
        "fields": {
            "item": 18, 
            "quantity": -1, 
            "size": 2
        }
    }, 
    {
        "pk": 67, 
        "model": "clothing.stock", 
        "fields": {
            "item": 22, 
            "quantity": -1, 
            "size": 2
        }
    }, 
    {
        "pk": 72, 
        "model": "clothing.stock", 
        "fields": {
            "item": 24, 
            "quantity": -1, 
            "size": 6
        }
    }, 
    {
        "pk": 13, 
        "model": "clothing.stock", 
        "fields": {
            "item": 8, 
            "quantity": -1, 
            "size": 3
        }
    }, 
    {
        "pk": 66, 
        "model": "clothing.stock", 
        "fields": {
            "item": 22, 
            "quantity": -1, 
            "size": 1
        }
    }, 
    {
        "pk": 65, 
        "model": "clothing.stock", 
        "fields": {
            "item": 21, 
            "quantity": -1, 
            "size": 5
        }
    }, 
    {
        "pk": 16, 
        "model": "clothing.stock", 
        "fields": {
            "item": 7, 
            "quantity": -1, 
            "size": 1
        }
    }, 
    {
        "pk": 17, 
        "model": "clothing.stock", 
        "fields": {
            "item": 7, 
            "quantity": -1, 
            "size": 2
        }
    }, 
    {
        "pk": 18, 
        "model": "clothing.stock", 
        "fields": {
            "item": 7, 
            "quantity": -1, 
            "size": 3
        }
    }, 
    {
        "pk": 19, 
        "model": "clothing.stock", 
        "fields": {
            "item": 7, 
            "quantity": -1, 
            "size": 4
        }
    }, 
    {
        "pk": 58, 
        "model": "clothing.stock", 
        "fields": {
            "item": 18, 
            "quantity": -1, 
            "size": 5
        }
    }, 
    {
        "pk": 21, 
        "model": "clothing.stock", 
        "fields": {
            "item": 6, 
            "quantity": -1, 
            "size": 1
        }
    }, 
    {
        "pk": 22, 
        "model": "clothing.stock", 
        "fields": {
            "item": 6, 
            "quantity": -1, 
            "size": 2
        }
    }, 
    {
        "pk": 64, 
        "model": "clothing.stock", 
        "fields": {
            "item": 21, 
            "quantity": -1, 
            "size": 4
        }
    }, 
    {
        "pk": 24, 
        "model": "clothing.stock", 
        "fields": {
            "item": 6, 
            "quantity": -1, 
            "size": 4
        }
    }, 
    {
        "pk": 63, 
        "model": "clothing.stock", 
        "fields": {
            "item": 21, 
            "quantity": -1, 
            "size": 3
        }
    }, 
    {
        "pk": 69, 
        "model": "clothing.stock", 
        "fields": {
            "item": 22, 
            "quantity": -1, 
            "size": 4
        }
    }, 
    {
        "pk": 68, 
        "model": "clothing.stock", 
        "fields": {
            "item": 22, 
            "quantity": -1, 
            "size": 3
        }
    }, 
    {
        "pk": 28, 
        "model": "clothing.stock", 
        "fields": {
            "item": 2, 
            "quantity": -1, 
            "size": 3
        }
    }, 
    {
        "pk": 29, 
        "model": "clothing.stock", 
        "fields": {
            "item": 2, 
            "quantity": -1, 
            "size": 4
        }
    }, 
    {
        "pk": 54, 
        "model": "clothing.stock", 
        "fields": {
            "item": 18, 
            "quantity": -1, 
            "size": 1
        }
    }, 
    {
        "pk": 31, 
        "model": "clothing.stock", 
        "fields": {
            "item": 5, 
            "quantity": -1, 
            "size": 1
        }
    }, 
    {
        "pk": 32, 
        "model": "clothing.stock", 
        "fields": {
            "item": 5, 
            "quantity": -1, 
            "size": 2
        }
    }, 
    {
        "pk": 33, 
        "model": "clothing.stock", 
        "fields": {
            "item": 5, 
            "quantity": -1, 
            "size": 3
        }
    }, 
    {
        "pk": 34, 
        "model": "clothing.stock", 
        "fields": {
            "item": 5, 
            "quantity": -1, 
            "size": 4
        }
    }, 
    {
        "pk": 35, 
        "model": "clothing.stock", 
        "fields": {
            "item": 4, 
            "quantity": -1, 
            "size": 1
        }
    }, 
    {
        "pk": 36, 
        "model": "clothing.stock", 
        "fields": {
            "item": 4, 
            "quantity": -1, 
            "size": 2
        }
    }, 
    {
        "pk": 37, 
        "model": "clothing.stock", 
        "fields": {
            "item": 4, 
            "quantity": -1, 
            "size": 3
        }
    }, 
    {
        "pk": 38, 
        "model": "clothing.stock", 
        "fields": {
            "item": 4, 
            "quantity": -1, 
            "size": 4
        }
    }, 
    {
        "pk": 73, 
        "model": "clothing.stock", 
        "fields": {
            "item": 25, 
            "quantity": -1, 
            "size": 6
        }
    }, 
    {
        "pk": 40, 
        "model": "clothing.stock", 
        "fields": {
            "item": 3, 
            "quantity": -1, 
            "size": 2
        }
    }, 
    {
        "pk": 70, 
        "model": "clothing.stock", 
        "fields": {
            "item": 22, 
            "quantity": -1, 
            "size": 5
        }
    }, 
    {
        "pk": 42, 
        "model": "clothing.stock", 
        "fields": {
            "item": 3, 
            "quantity": -1, 
            "size": 4
        }
    }, 
    {
        "pk": 74, 
        "model": "clothing.stock", 
        "fields": {
            "item": 26, 
            "quantity": -1, 
            "size": 6
        }
    }, 
    {
        "pk": 75, 
        "model": "clothing.stock", 
        "fields": {
            "item": 27, 
            "quantity": -1, 
            "size": 6
        }
    }, 
    {
        "pk": 76, 
        "model": "clothing.stock", 
        "fields": {
            "item": 28, 
            "quantity": -1, 
            "size": 6
        }
    }, 
    {
        "pk": 5, 
        "model": "clothing.stock", 
        "fields": {
            "item": 10, 
            "quantity": -1, 
            "size": 5
        }
    }, 
    {
        "pk": 1, 
        "model": "clothing.stock", 
        "fields": {
            "item": 10, 
            "quantity": -1, 
            "size": 1
        }
    }, 
    {
        "pk": 77, 
        "model": "clothing.stock", 
        "fields": {
            "item": 29, 
            "quantity": -1, 
            "size": 6
        }
    }, 
    {
        "pk": 7, 
        "model": "clothing.stock", 
        "fields": {
            "item": 9, 
            "quantity": -1, 
            "size": 2
        }
    }, 
    {
        "pk": 8, 
        "model": "clothing.stock", 
        "fields": {
            "item": 9, 
            "quantity": -1, 
            "size": 3
        }
    }, 
    {
        "pk": 10, 
        "model": "clothing.stock", 
        "fields": {
            "item": 9, 
            "quantity": -1, 
            "size": 5
        }
    }, 
    {
        "pk": 11, 
        "model": "clothing.stock", 
        "fields": {
            "item": 8, 
            "quantity": -1, 
            "size": 1
        }
    }, 
    {
        "pk": 12, 
        "model": "clothing.stock", 
        "fields": {
            "item": 8, 
            "quantity": -1, 
            "size": 2
        }
    }, 
    {
        "pk": 14, 
        "model": "clothing.stock", 
        "fields": {
            "item": 8, 
            "quantity": -1, 
            "size": 4
        }
    }, 
    {
        "pk": 15, 
        "model": "clothing.stock", 
        "fields": {
            "item": 8, 
            "quantity": -1, 
            "size": 5
        }
    }, 
    {
        "pk": 20, 
        "model": "clothing.stock", 
        "fields": {
            "item": 7, 
            "quantity": -1, 
            "size": 5
        }
    }, 
    {
        "pk": 23, 
        "model": "clothing.stock", 
        "fields": {
            "item": 6, 
            "quantity": -1, 
            "size": 3
        }
    }, 
    {
        "pk": 25, 
        "model": "clothing.stock", 
        "fields": {
            "item": 6, 
            "quantity": -1, 
            "size": 5
        }
    }, 
    {
        "pk": 26, 
        "model": "clothing.stock", 
        "fields": {
            "item": 2, 
            "quantity": -1, 
            "size": 1
        }
    }, 
    {
        "pk": 27, 
        "model": "clothing.stock", 
        "fields": {
            "item": 2, 
            "quantity": -1, 
            "size": 2
        }
    }, 
    {
        "pk": 30, 
        "model": "clothing.stock", 
        "fields": {
            "item": 2, 
            "quantity": -1, 
            "size": 5
        }
    }, 
    {
        "pk": 39, 
        "model": "clothing.stock", 
        "fields": {
            "item": 3, 
            "quantity": -1, 
            "size": 1
        }
    }, 
    {
        "pk": 41, 
        "model": "clothing.stock", 
        "fields": {
            "item": 3, 
            "quantity": -1, 
            "size": 3
        }
    }, 
    {
        "pk": 43, 
        "model": "clothing.stock", 
        "fields": {
            "item": 11, 
            "quantity": -1, 
            "size": 1
        }
    }, 
    {
        "pk": 44, 
        "model": "clothing.stock", 
        "fields": {
            "item": 11, 
            "quantity": -1, 
            "size": 2
        }
    }, 
    {
        "pk": 45, 
        "model": "clothing.stock", 
        "fields": {
            "item": 11, 
            "quantity": -1, 
            "size": 3
        }
    }
]
